[
  {
    "Question": "What is UNI-Tweet?",
    "Answer": "UNI-Tweet is a university-focused social media platform for students, staff, and alumni to share updates, ideas, and opportunities.",
    "AskedFreq": 3
  },
  {
    "Question": "How does UNI-Tweet help students?",
    "Answer": "It provides a platform for students to connect, collaborate, and share insights related to academics, events, and campus life.",
    "AskedFreq": 0
  },
  {
    "Question": "Can I share photos on UNI-Tweet?",
    "Answer": "Yes, UNI-Tweet allows you to share photos, videos, and other multimedia content with your university community.",
    "AskedFreq": 3
  },
  {
    "Question": "Is UNI-Tweet only for university students?",
    "Answer": "UNI-Tweet is designed for university students, faculty, and alumni, making it a platform exclusive to the university community.",
    "AskedFreq": 0
  },
  {
    "Question": "How do I sign up for UNI-Tweet?",
    "Answer": "You can sign up using your university email and create a profile to get started.",
    "AskedFreq": 1
  },
  {
    "Question": "What kind of posts can I share on UNI-Tweet?",
    "Answer": "You can share updates, event announcements, academic insights, memes, and discussions relevant to your university.",
    "AskedFreq": 3
  },
  {
    "Question": "Can I follow professors on UNI-Tweet?",
    "Answer": "Yes, you can follow professors and other faculty members to stay updated on their posts and announcements.",
    "AskedFreq": 1
  },
  {
    "Question": "Is there a limit to the number of posts I can make on UNI-Tweet?",
    "Answer": "No, you can post as many updates as you like on UNI-Tweet.",
    "AskedFreq": 0
  },
  {
    "Question": "Can I organize polls on UNI-Tweet?",
    "Answer": "Yes, UNI-Tweet allows users to create polls to gather opinions or feedback from the community.",
    "AskedFreq": 0
  },
  {
    "Question": "Does UNI-Tweet support hashtags?",
    "Answer": "Yes, you can use hashtags to categorize posts and make them easier to find.",
    "AskedFreq": 0
  },
  {
    "Question": "Can I post anonymous tweets on UNI-Tweet?",
    "Answer": "No, UNI-Tweet encourages transparency and does not allow anonymous posting.",
    "AskedFreq": 0
  },
  {
    "Question": "Is UNI-Tweet available as a mobile app?",
    "Answer": "Yes, UNI-Tweet is available for both Android and iOS devices for easy access on the go.",
    "AskedFreq": 0
  },
  {
    "Question": "Can I create groups on UNI-Tweet?",
    "Answer": "Yes, you can create groups for clubs, classes, or interests and interact with members privately.",
    "AskedFreq": 0
  },
  {
    "Question": "Does UNI-Tweet have a character limit for posts?",
    "Answer": "Yes, similar to Twitter, UNI-Tweet has a 280-character limit for each post.",
    "AskedFreq": 0
  },
  {
    "Question": "Can alumni use UNI-Tweet?",
    "Answer": "Yes, alumni can join UNI-Tweet to stay connected with their alma mater and network with current students.",
    "AskedFreq": 0
  },
  {
    "Question": "How do I report inappropriate content on UNI-Tweet?",
    "Answer": "You can report inappropriate content by clicking on the report button available on each post.",
    "AskedFreq": 0
  },
  {
    "Question": "Is there a feature to schedule posts on UNI-Tweet?",
    "Answer": "Currently, UNI-Tweet does not support post scheduling.",
    "AskedFreq": 10
  },
  {
    "Question": "Can I connect UNI-Tweet with other social media accounts?",
    "Answer": "No, UNI-Tweet is designed to be an exclusive platform for the university community.",
    "AskedFreq": 0
  },
  {
    "Question": "Can I edit my tweets on UNI-Tweet?",
    "Answer": "Yes, UNI-Tweet allows users to edit their posts within a limited timeframe after posting.",
    "AskedFreq": 0
  },
  {
    "Question": "What kind of content is prohibited on UNI-Tweet?",
    "Answer": "UNI-Tweet prohibits any content that is offensive, illegal, or violates the university’s code of conduct.",
    "AskedFreq": 16
  },
  {
    "Question": "Can I get notifications for specific users on UNI-Tweet?",
    "Answer": "Yes, you can enable notifications for updates from specific users you follow.",
    "AskedFreq": 0
  },
  {
    "Question": "Does UNI-Tweet support direct messaging?",
    "Answer": "Yes, you can send direct messages to other users for private communication.",
    "AskedFreq": 0
  },
  {
    "Question": "Can I share event details on UNI-Tweet?",
    "Answer": "Yes, UNI-Tweet is a great platform to share and promote university events.",
    "AskedFreq": 0
  },
  {
    "Question": "How does UNI-Tweet ensure user privacy?",
    "Answer": "UNI-Tweet uses secure protocols and privacy settings to protect user data and activity.",
    "AskedFreq": 0
  },
  {
    "Question": "Is UNI-Tweet free to use?",
    "Answer": "Yes, UNI-Tweet is free for all registered members of the university community.",
    "AskedFreq": 0
  },
  {
    "Question": "Can professors share course materials on UNI-Tweet?",
    "Answer": "Yes, professors can use UNI-Tweet to share course updates, materials, and reminders.",
    "AskedFreq": 0
  },
  {
    "Question": "Does UNI-Tweet have a dark mode?",
    "Answer": "Yes, UNI-Tweet offers a dark mode for a more comfortable viewing experience.",
    "AskedFreq": 0
  },
  {
    "Question": "Can I bookmark posts on UNI-Tweet?",
    "Answer": "Yes, you can bookmark posts to save them for later viewing.",
    "AskedFreq": 0
  },
  {
    "Question": "How can I delete my account on UNI-Tweet?",
    "Answer": "You can delete your account by going to account settings and selecting the delete account option.",
    "AskedFreq": 0
  },
  {
    "Question": "Does UNI-Tweet support multimedia content?",
    "Answer": "Yes, UNI-Tweet supports images, videos, and GIFs in posts.",
    "AskedFreq": 0
  },
  {
    "Question": "How do I verify my account on UNI-Tweet?",
    "Answer": "Accounts are verified automatically based on your university email during registration.",
    "AskedFreq": 0
  },
  {
    "Question": "Can I create events on UNI-Tweet?",
    "Answer": "Yes, you can create and share events on UNI-Tweet, allowing others to RSVP or engage with your event.",
    "AskedFreq": 0
  },
  {
    "Question": "How can I find classmates on UNI-Tweet?",
    "Answer": "You can search for classmates using their names, course names, or department hashtags on UNI-Tweet.",
    "AskedFreq": 0
  },
  {
    "Question": "Is UNI-Tweet available globally?",
    "Answer": "UNI-Tweet is limited to specific universities and requires a valid university email to register.",
    "AskedFreq": 0
  },
  {
    "Question": "Can I post job opportunities on UNI-Tweet?",
    "Answer": "Yes, UNI-Tweet allows you to share internships, part-time jobs, and career opportunities with your university network.",
    "AskedFreq": 0
  },
  {
    "Question": "Are there any content moderators on UNI-Tweet?",
    "Answer": "Yes, UNI-Tweet employs moderators to ensure that the content adheres to community guidelines.",
    "AskedFreq": 1
  },
  {
    "Question": "How can I customize my UNI-Tweet profile?",
    "Answer": "You can customize your profile by adding a profile picture, bio, and links to your projects or portfolios.",
    "AskedFreq": 0
  },
  {
    "Question": "Can I block other users on UNI-Tweet?",
    "Answer": "Yes, UNI-Tweet allows you to block users to prevent them from interacting with you or viewing your posts.",
    "AskedFreq": 0
  },
  {
    "Question": "Is there a trending section on UNI-Tweet?",
    "Answer": "Yes, UNI-Tweet has a trending section to highlight popular topics, hashtags, and events within your university.",
    "AskedFreq": 0
  },
  {
    "Question": "Can I host discussions on UNI-Tweet?",
    "Answer": "Yes, you can initiate and participate in discussions on various academic and non-academic topics.",
    "AskedFreq": 0
  },
  {
    "Question": "How does UNI-Tweet handle fake accounts?",
    "Answer": "UNI-Tweet verifies all accounts through university email and monitors activity to prevent fake accounts.",
    "AskedFreq": 0
  },
  {
    "Question": "Does UNI-Tweet have an archive feature?",
    "Answer": "Yes, UNI-Tweet allows users to archive posts for future reference without keeping them publicly visible.",
    "AskedFreq": 0
  },
  {
    "Question": "Can I link my UNI-Tweet profile to my LinkedIn account?",
    "Answer": "No, UNI-Tweet currently does not support external profile linking to maintain its focus on university communities.",
    "AskedFreq": 0
  },
  {
    "Question": "Does UNI-Tweet offer analytics for posts?",
    "Answer": "Yes, UNI-Tweet provides basic analytics, such as likes, retweets, and impressions for each post.",
    "AskedFreq": 0
  },
  {
    "Question": "Can I tag my friends in posts on UNI-Tweet?",
    "Answer": "Yes, you can tag friends and other users in your posts to involve them in discussions or share relevant content.",
    "AskedFreq": 0
  },
  {
    "Question": "Can I use UNI-Tweet to find campus resources?",
    "Answer": "Yes, many campus organizations use UNI-Tweet to share information about resources and services available on campus.",
    "AskedFreq": 0
  },
  {
    "Question": "How does UNI-Tweet prioritize posts on the timeline?",
    "Answer": "Posts on UNI-Tweet are prioritized based on relevance, engagement, and chronological order.",
    "AskedFreq": 0
  },
  {
    "Question": "Can I join university clubs through UNI-Tweet?",
    "Answer": "Yes, clubs and societies often use UNI-Tweet to promote membership drives and events.",
    "AskedFreq": 0
  },
  {
    "Question": "Does UNI-Tweet have a peer-review feature for academic posts?",
    "Answer": "Currently, UNI-Tweet does not have a dedicated peer-review feature but allows comments and discussions for academic content.",
    "AskedFreq": 0
  },
  {
    "Question": "Can I create a business profile on UNI-Tweet?",
    "Answer": "No, UNI-Tweet is intended for individual users from the university community rather than businesses.",
    "AskedFreq": 0
  },
  {
    "Question": "Can I upload files on UNI-Tweet?",
    "Answer": "Yes, you can upload PDFs, images, and documents relevant to your posts or discussions.",
    "AskedFreq": 0
  },
  {
    "Question": "Does UNI-Tweet allow live streaming?",
    "Answer": "No, live streaming is not currently supported on UNI-Tweet.",
    "AskedFreq": 0
  },
  {
    "Question": "Can I participate in campus surveys through UNI-Tweet?",
    "Answer": "Yes, university administration and students often post surveys and polls for community participation.",
    "AskedFreq": 0
  },
  {
    "Question": "Is there a mentorship feature on UNI-Tweet?",
    "Answer": "UNI-Tweet does not have a dedicated mentorship feature, but students and alumni can connect for guidance through posts or messages.",
    "AskedFreq": 0
  },
  {
    "Question": "Can I mute certain topics on UNI-Tweet?",
    "Answer": "Yes, you can mute specific hashtags or users to declutter your timeline.",
    "AskedFreq": 0
  },
  {
    "Question": "What makes UNI-Tweet unique compared to other social media platforms?",
    "Answer": "UNI-Tweet is tailored exclusively for university communities, fostering a focused and safe environment for academic and social interactions.",
    "AskedFreq": 2
  },
  {
    "Question": "Who created UNI-Tweet?",
    "Answer": "UNI-Tweet was created by Team Alpha Innovators from XYZ University.",
    "AskedFreq": 0
  },
  {
    "Question": "Can I organize giveaways on UNI-Tweet?",
    "Answer": "Yes, you can organize giveaways for your university community following the platform's rules.",
    "AskedFreq": 0
  },
  {
    "Question": "Are there any promotional features on UNI-Tweet?",
    "Answer": "Yes, UNI-Tweet offers promotional features for campus events or activities.",
    "AskedFreq": 0
  },
  {
    "Question": "Does UNI-Tweet allow GIFs in replies?",
    "Answer": "Yes, you can use GIFs in replies and posts to enhance engagement.",
    "AskedFreq": 0
  },
  {
    "Question": "Can I view the posts of other universities on UNI-Tweet?",
    "Answer": "No, UNI-Tweet is limited to users from your university to maintain its community focus.",
    "AskedFreq": 0
  },
  {
    "Question": "Can I post anonymously in groups on UNI-Tweet?",
    "Answer": "No, UNI-Tweet requires posts to be linked to your profile for accountability.",
    "AskedFreq": 0
  },
  {
    "Question": "How do I promote an event on UNI-Tweet?",
    "Answer": "You can create an event post with hashtags and encourage others to share it within the platform.",
    "AskedFreq": 0
  },
  {
    "Question": "Can I tag friends in my posts on UNI-Tweet?",
    "Answer": "Yes, you can tag other users in your posts to get their attention or involve them in conversations.",
    "AskedFreq": 0
  },
  {
    "Question": "How do I change my profile picture on UNI-Tweet?",
    "Answer": "You can change your profile picture by going to your profile settings and uploading a new image.",
    "AskedFreq": 0
  },
  {
    "Question": "Can I block someone on UNI-Tweet?",
    "Answer": "Yes, you can block users to prevent them from interacting with you or viewing your posts.",
    "AskedFreq": 0
  },
  {
    "Question": "Does UNI-Tweet allow posting memes?",
    "Answer": "Yes, sharing memes is popular on UNI-Tweet as long as they follow community guidelines.",
    "AskedFreq": 0
  },
  {
    "Question": "How do I find specific groups on UNI-Tweet?",
    "Answer": "You can use the search bar to look for groups based on your interests or university affiliations.",
    "AskedFreq": 0
  },
  {
    "Question": "Can I pin posts to my profile on UNI-Tweet?",
    "Answer": "Yes, UNI-Tweet allows users to pin a post to the top of their profile.",
    "AskedFreq": 0
  },
  {
    "Question": "What happens if I forget my UNI-Tweet password?",
    "Answer": "You can reset your password by clicking on the 'Forgot Password' link on the login page.",
    "AskedFreq": 1
  },
  {
    "Question": "Does UNI-Tweet allow live streaming?",
    "Answer": "No, UNI-Tweet currently does not support live streaming features.",
    "AskedFreq": 0
  },
  {
    "Question": "Can I follow clubs on UNI-Tweet?",
    "Answer": "Yes, clubs and societies can create profiles that you can follow to stay updated on their activities.",
    "AskedFreq": 0
  },
  {
    "Question": "How do I adjust my notification settings on UNI-Tweet?",
    "Answer": "You can adjust your notification preferences in the app’s settings menu.",
    "AskedFreq": 0
  },
  {
    "Question": "Can I advertise university events on UNI-Tweet?",
    "Answer": "Yes, UNI-Tweet is a great platform for promoting university-related events to the student community.",
    "AskedFreq": 0
  },
  {
    "Question": "Does UNI-Tweet allow sharing academic research?",
    "Answer": "Yes, UNI-Tweet encourages sharing academic research, findings, and opportunities within the university.",
    "AskedFreq": 0
  },
  {
    "Question": "Can I post anonymously in groups on UNI-Tweet?",
    "Answer": "No, UNI-Tweet does not support anonymous posting to maintain accountability.",
    "AskedFreq": 0
  },
  {
    "Question": "What is the character limit for replies on UNI-Tweet?",
    "Answer": "Replies on UNI-Tweet also have a 280-character limit.",
    "AskedFreq": 0
  },
  {
    "Question": "Can I tag university events on UNI-Tweet?",
    "Answer": "Yes, you can tag university events or hashtags to promote them to the relevant audience.",
    "AskedFreq": 0
  },
  {
    "Question": "Does UNI-Tweet allow sharing job opportunities?",
    "Answer": "Yes, UNI-Tweet is a great place for sharing internships, job opportunities, and career resources.",
    "AskedFreq": 0
  },
  {
    "Question": "How can I connect with alumni on UNI-Tweet?",
    "Answer": "You can follow alumni profiles or join groups specifically designed for alumni networking.",
    "AskedFreq": 0
  },
  {
    "Question": "Can I share videos on UNI-Tweet?",
    "Answer": "Yes, UNI-Tweet supports video uploads with size and duration limits.",
    "AskedFreq": 0
  },
  {
    "Question": "Can I mute users on UNI-Tweet?",
    "Answer": "Yes, you can mute users to stop seeing their posts in your feed without unfollowing them.",
    "AskedFreq": 0
  },
  {
    "Question": "Does UNI-Tweet allow creating private groups?",
    "Answer": "Yes, you can create private groups to interact exclusively with selected members.",
    "AskedFreq": 0
  },
  {
    "Question": "Can I organize online debates on UNI-Tweet?",
    "Answer": "Yes, you can use UNI-Tweet to organize debates through posts, polls, and discussions.",
    "AskedFreq": 0
  },
  {
    "Question": "Does UNI-Tweet allow emojis in posts?",
    "Answer": "Yes, you can use emojis to express yourself in your posts and replies.",
    "AskedFreq": 0
  },
  {
    "Question": "Can I promote my campus startup on UNI-Tweet?",
    "Answer": "Yes, UNI-Tweet is an excellent platform to promote campus startups and entrepreneurial initiatives.",
    "AskedFreq": 0
  },
  {
    "Question": "How do I delete a post on UNI-Tweet?",
    "Answer": "You can delete your post by clicking on the options menu and selecting 'Delete'.",
    "AskedFreq": 0
  },
  {
    "Question": "Does UNI-Tweet have a trending section?",
    "Answer": "Yes, UNI-Tweet features a trending section for popular hashtags and topics.",
    "AskedFreq": 0
  },
  {
    "Question": "Can I find academic resources on UNI-Tweet?",
    "Answer": "Yes, students and professors often share academic resources and links on the platform.",
    "AskedFreq": 0
  },
  {
    "Question": "How can I interact with professors on UNI-Tweet?",
    "Answer": "You can follow their profiles, comment on their posts, or send them direct messages.",
    "AskedFreq": 0
  },
  {
    "Question": "Can I use UNI-Tweet for campus announcements?",
    "Answer": "Yes, UNI-Tweet is an ideal platform for university and campus announcements.",
    "AskedFreq": 0
  },
  {
    "Question": "Does UNI-Tweet have verified accounts?",
    "Answer": "Yes, certain accounts, like those of professors and official university profiles, are verified on UNI-Tweet.",
    "AskedFreq": 0
  },
  {
    "Question": "Can I share academic events on UNI-Tweet?",
    "Answer": "Yes, UNI-Tweet allows you to share and promote academic events with your university community.",
    "AskedFreq": 0
  },
  {
    "Question": "How do I join UNI-Tweet groups?",
    "Answer": "You can search for groups and request to join them if they are open or private.",
    "AskedFreq": 0
  },
  {
    "Question": "Does UNI-Tweet have a job board feature?",
    "Answer": "No, but students and alumni often share job and internship opportunities in posts.",
    "AskedFreq": 0
  },
  {
    "Question": "Can I change my UNI-Tweet username?",
    "Answer": "Yes, you can update your username in the account settings.",
    "AskedFreq": 0
  },
  {
    "Question": "How do I find people to follow on UNI-Tweet?",
    "Answer": "You can explore suggested profiles or search for people using the search bar.",
    "AskedFreq": 0
  },
  {
    "Question": "Can I organize fundraisers on UNI-Tweet?",
    "Answer": "Yes, you can use UNI-Tweet to share fundraiser details and reach your university community.",
    "AskedFreq": 0
  },
  {
    "Question": "Does UNI-Tweet support university-wide announcements?",
    "Answer": "Yes, official university profiles can post announcements visible to the entire university community.",
    "AskedFreq": 0
  },
  {
    "Question": "Can I advertise my blog on UNI-Tweet?",
    "Answer": "Yes, as long as it is relevant to the university audience, you can promote your blog on UNI-Tweet.",
    "AskedFreq": 0
  },
  {
    "Question": "Does UNI-Tweet have custom privacy settings?",
    "Answer": "Yes, you can customize your privacy settings to control who sees your posts and profile details.",
    "AskedFreq": 0
  }
]